ID,NOMBRE,MARCA,PRECIO,CARACTERISTICAS
41,Transportadora para perros,AmazonBasics,$37.40353654340761,Aprobada por aerolíneas~Puerta con cierre seguro~Ventilación adecuada
4,Arenero para gatos,Arm & Hammer,$29.919835754410496,Control de olores~Fácil de limpiar
6,Cama para perros,Aspen Pet,$44.887237332404744,Material suave~Lavable a máquina~Cómoda y acogedora
28,Comedero para mascotas,Bergan,$11.9589538608174,Antideslizante~Fácil de limpiar~Duradero
42,Juguete para gatos,Bergan Turbo Scratcher,$22.436134965413373,Incluye bola y rascador~Estimula el juego y el rascado
15,Alimento para perros,Blue Buffalo,$32.913316070009344,Ingredientes naturales~Sin granos~Para razas pequeñas
17,Juguete para gatos,Cat Dancer,$8.965473545218554,Juguete interactivo~Atrae la atención de los gatos~Horas de diversión
23,Juguete para perros,Chuckit!,$13.455694018616825,Resistente~Ideal para juegos de lanzamiento
30,Collar para perros,Coastal,$14.952434176416252,Ajustable~Cierre de seguridad~Diseño atractivo
5,Correa para perros,Flexi,$37.40353654340761,Extensible~Mango ergonómico~Cinta reflectante
47,Cama para gatos,Frisco,$34.41005622780877,Material suave y cálido~Diseño compacto~Ideal para espacios pequeños
7,Juguete para gatos,Frolicat,$29.919835754410496,Juguete interactivo~Movimientos impredecibles~Mantiene a los gatos activos
26,Rascador para gatos,GoPetClub,$74.82204048839324,Área de juego y descanso~Poste para rascar~Incluye juguetes colgantes
34,Bebedero para mascotas,Gravity Waterer,$19.442654649814525,Capacidad de 1 galón~Mantiene el agua fresca
10,Correa para perros,Halti,$22.436134965413373,Control de tirones~Ajustable~Cómoda para el perro y el dueño
37,Cepillo para gatos,Hertzko,$11.9589538608174,Suave y seguro~Elimina el pelo muerto~Promueve un pelaje saludable
18,Alimento para perros,Iams,$21.702732288091656,Control de peso~Proteínas de calidad~Sabor delicioso
3,Juguete para perros,Kong,$23.199472445891075,Duradero~Ideal para masticadores agresivos
27,Juguete interactivo para perros,Kong Wobbler,$22.436134965413373,Dispensador de alimentos~Mantiene a los perros entretenidos
21,Cama para perros,Kuranda,$104.75684364438172,Elevada~Duradera~Fácil de limpiar
19,Arenero para gatos,Litter Genie,$29.919835754410496,Fácil eliminación de desechos~Control de olores~Práctico y conveniente
46,Correa para perros,Max and Neo,$25.429615281012218,Reflectante~Mango acolchado~Resistente y duradera
45,Alimento para perros,Merrick,$35.90679638560819,Ingredientes de calidad~Sin granos~Promueve una digestión saludable
24,Corral para mascotas,MidWest Homes for Pets,$59.85463891039899,Plegable~Fácil de transportar~Espacioso
25,Alimento para perros,Nutro,$26.926355438811648,Ingredientes de calidad~Sin conservantes artificiales~Salud digestiva
13,Juguete para perros,Nylabone,$14.952434176416252,Resistente a la masticación~Ayuda a la higiene dental
44,Juguete para perros,Nylabone Dura,$14.952434176416252,Resistente a la masticación~Promueve la salud dental~Diversión duradera
36,Juguete para perros,Outward Hound,$17.945914492015103,Texturas variadas~Estimula el juego activo
32,Alimento para perros,Pedigree,$29.18643307708878,Ingredientes naturales~Sin granos~Salud óptima
43,Cepillo para perros,Pedigree,$26.926355438811648,Remueve el pelo suelto~Fácil de limpiar~Para pelo corto o largo
1,Alimento para perros,Pedigree,$19.442654649814525,Sabor delicioso~Nutrición equilibrada~Contiene vitaminas y minerales
39,Ropa para perros,Pet Life,$29.919835754410496,Diseño moderno~Cómoda y ajustable~Ideal para climas fríos
12,Cama para gatos,PetFusion,$52.37093812140187,Diseño elegante~Material duradero~Fácil de limpiar
49,Arenero para gatos,Petmate,$25.429615281012218,Fácil acceso~Borde alto~Fácil de limpiar
9,Alimento para perros,Pro Plan,$27.689692919289357,Ingredientes naturales~Alta digestibilidad~Para todas las etapas de vida
2,Alimento para gatos,Purina ONE,$14.952434176416252,Alta calidad~Proteínas de primera~Promueve un pelaje saludable
14,Arenero para gatos,Purina Tidy Cats,$19.442654649814525,Sistema todo en uno~Bandeja removible~Fácil de mantener
31,Arnés para perros,Rabbitgoo,$29.919835754410496,Ajustable~Cómodo~Control de tirones
29,Alimento para gatos,Royal Canin,$37.40353654340761,Fórmula específica para razas~Salud digestiva~Pelo brillante
20,Correa para perros,Ruffwear,$41.893757016805885,Resistente al agua~Ideal para actividades al aire libre~Cómoda para el perro y el dueño
35,Peine para perros,Safari,$14.952434176416252,Elimina nudos y pelo suelto~Ideal para perros de pelo largo
11,Alimento para gatos,Science Diet,$25.429615281012218,Fórmula equilibrada~Control de peso~Promueve la salud urinaria
16,Transportadora para gatos,Sherpa,$49.37745780580302,Aprobada por aerolíneas~Cómoda y segura~Ventilación adecuada
33,Juguete para gatos,Temperament Pet,$10.46221370301798,Rellenable con catnip~Estimula el instinto de caza
8,Acuario,Tetra,$59.85463891039899,10 galones~Filtro incorporado~Ideal para peces tropicales
40,Alimento para peces,Tetra,$8.965473545218554,Variedad de sabores~Alta calidad nutricional~Para peces tropicales
22,Alimento para gatos,Wellness,$33.67665355048705,Ingredientes naturales~Alta calidad~Promueve la salud digestiva~Sin granos
38,Arena para gatos,Wellness,$22.436134965413373,Ecológica~Sin polvo~Control de olores eficiente
50,Alimento para perros,Wellness CORE,$44.887237332404744,Alta proteína~Ingredientes naturales~Sin granos~Salud digestiva
48,Juguete para perros,West Paw Design,$20.93939480761395,Resistente~Libre de BPA~Ideal para juegos de buscar
